id,tweet_text,created_at,retweetCount,replyCount,likeCount,viewCount,quoteCount,latitude,longitude,state,party,candidate,handle_or_hash
1834261463604531337,"Introverts for HARRIS! We can all help turn NC blue: https://t.co/t04dmCoDiC
#Harris2024 #buncombeblue https://t.co/boEI5j8wzx",09-12-2024,0,0,0,38,0,,,NC,Democratic,KamalaHarris,#Harris2024
1834375145940459881,"North Carolina LOVES @KamalaHarris We screamed our hearts out for her ğŸ’™ğŸ’™ğŸ’™ğŸ’™ 
 @KamalaforNC 

#kamalafornc #rally #Harris2024 https://t.co/NV0mEi5xoV",09-12-2024,0,2,14,542,0,,,NC,Democratic,KamalaHarris,#Harris2024
1834334924951687423,#NC Greensboro showing up for #Harris2024 to speak tonight and I'm here for it!!!! https://t.co/1DtjRUn8gZ,09-12-2024,0,0,5,97,0,,,NC,Democratic,KamalaHarris,#Harris2024
1834035134988705987,"#HARRIS2024

Harris is a level-headed, concerned, and active citizen just looking to save his community. 

Anthony Harris, of Ohio is running for Mayor, I believe. 

#AnthonyHarris2024",09-12-2024,2,0,5,522,2,,,NC,Democratic,KamalaHarris,#Harris2024
1834236246358479265,Iâ€™m so excited! Headed to the #Harris2024 rally in Charlotte!,09-12-2024,0,1,1,28,0,,,NC,Democratic,KamalaHarris,#Harris2024
1834171101339156519,"Letâ€™s be clear, Trump is absolutely responsible for inciting violence on January 6th. He dog whistled to his pets &amp; they all came running. 
#WeWontGoBack
#Harris2024",09-12-2024,0,0,0,9,0,,,NC,Democratic,KamalaHarris,#Harris2024
1834374549678219434,"I had to see if this guy really mentioned repealing the 19th amendment, he sure did, and more than once, here is the most recent one. Anyone who doesnâ€™t understand why the common theme is we donâ€™t want to go backâ€¦here is your sign. #NotGoingBack #harrisforNC #Harris2024 https://t.co/MFLeDdm9ro",09-12-2024,0,0,1,27,0,,,NC,Democratic,KamalaHarris,#Harris2024
1834356873723871502,"Check out my musingsâ€¦I was in super â€œASMR modeâ€ this morning.  

Hypnotic!

#WomenEmpowerment  #TrumpIsACoward   #Harris2024 

https://t.co/tRgKHYJyPR",09-12-2024,0,0,0,73,0,,,NC,Democratic,KamalaHarris,#Harris2024
1834232874733576259,"Uhhhâ€¦sir whoâ€™s your running mate??  

#Harris2024 https://t.co/GKik8wdddL",09-12-2024,0,0,1,28,0,,,NC,Democratic,KamalaHarris,#Harris2024
1834232019011674210,Insane people do not belong in the White House. #Voteblue #Harris2024 https://t.co/WG4E3v5lZV,09-12-2024,0,0,1,9,0,,,NC,Democratic,KamalaHarris,#Harris2024
1834261112490963067,"Personally, I wouldnâ€™t write off Bush 43 just yet; he may well be the October surprise. The endorsement procession ahead of him looks to me like much more than just a procession. Just a personal thought. #Harris2024",09-12-2024,0,2,4,71,0,,,NC,Democratic,KamalaHarris,#Harris2024
1834022464101232993,Relaxing in MAGA tears ğŸ¤£ğŸ¤£ğŸ¤£ğŸ’™ğŸ’™ #Harris2024 #debate https://t.co/TeyuVMVMVD,09-12-2024,0,0,0,62,0,,,NC,Democratic,KamalaHarris,#Harris2024
1834307245112271126,You can't make this stuff up. #Harris2024,09-12-2024,0,0,0,2,0,,,NC,Democratic,KamalaHarris,#Harris2024
1834213319814918293,"Old Tweet from 2019. I predicted Tuesdays Harrisâ€™s ASS Kicking debate performance way way way back then. ğŸ˜‚ğŸ˜‚ğŸ˜‚

#Harris2024",09-12-2024,0,2,5,85,0,,,NC,Democratic,KamalaHarris,#Harris2024
1834112204528124403,She endorsed #Harris2024,09-12-2024,0,0,0,3,0,,,NC,Democratic,KamalaHarris,#Harris2024
1834301800985612607,WE HERE CHARLOTTE! #KamalaForNC #Harris2024 https://t.co/rKhfQA6nrD,09-12-2024,47,5,310,4173,1,,,NC,Democratic,KamalaHarris,#Harris2024
1834205346006467032,"@elonmusk Left side is the way to go ğŸ¤˜ğŸ”¥
#HarrisForPOTUS #HarrisWalz2024 #Harris2024",09-12-2024,0,0,0,5,0,36.0871686,-80.244984,NC,Democratic,KamalaHarris,#Harris2024
1834315124590416090,"#kamala2024 | #Harris2024 | #Trump2024 

We already knew this.",09-12-2024,0,0,0,39,0,,,NC,Democratic,KamalaHarris,#Harris2024
1834348935609287163,"HOW Harris &amp; Trump Presidential Debate Was Like ğŸ˜‚ğŸ”µğŸ”´..  
#comedy #trunp #Harris2024 #jokes #2024debate https://t.co/xwsuLE6zCq",09-12-2024,1,0,0,66,0,,,NC,Democratic,KamalaHarris,#Harris2024
1834345485303271767,"@KamalaHarris Get him! 
Childless cat lady here voting for 
#HarrisTrumpDebate2024 
#Harris2024 ğŸ”¥ğŸ”¥ğŸ”¥ğŸ”¥ğŸ”¥ğŸ”¥ğŸ”¥ğŸ”¥ğŸ”¥ğŸ”¥ğŸ”¥ğŸ”¥ğŸ”¥ğŸ”¥ğŸ”¥ https://t.co/ZiK4BmCuuO",09-12-2024,0,0,0,31,0,,,NC,Democratic,KamalaHarris,#Harris2024
1834381076090798359,@RpsAgainstTrump Iâ€™m sorry but I love that these two are hanging out. I think is great for us.  ğŸ’™ğŸ’™ğŸ’™ğŸ’™ğŸ’™ #Harris2024,09-12-2024,0,0,0,10,0,,,NC,Democratic,KamalaHarris,#Harris2024
1834030072270893566,"Itâ€™s giving â€¦ I just endorsed @KamalaHarris 
Itâ€™s giving â€¦ I just registered hundreds of thousands of new voters 
Itâ€™s giving â€¦ I just ended Donald J. Trump

And still had time to collectively slay us all. 

November 2024 (TV)

#Harris2024",09-12-2024,0,0,0,86,0,,,NC,Democratic,KamalaHarris,#Harris2024
1834233629129781380,"@EndWokeness Another sad attempt to prop up the lying senile guy, using LIES. 

She did not say that. Keep trying with these doctored videos. I guess thatâ€™s the only play you have now. SMDH. 

#Harris2024",09-12-2024,0,0,0,3,0,,,NC,Democratic,KamalaHarris,#Harris2024
1834235866468024432,"@Anticensorsh1p @tkknowles9 @GreatLakeDragon @DirtRoadPickup The primary voters voted for Biden. The convention representatives voted for Harris, since Biden had withdrawn before the convention. I donâ€™t want a second Trump term and thatâ€™s why I support Harris. The way it worked out leaves a bad taste in my mouth, though. #Harris2024",09-12-2024,0,1,0,55,0,,,NC,Democratic,KamalaHarris,#Harris2024
1834330456151785486,"â€œTop professors at Wharton think my economic plan is brilliantâ€
- Donald Trump 

Well Don â€¦ #Debate2024 #Harris2024",09-12-2024,0,0,0,219,0,,,NC,Democratic,KamalaHarris,#Harris2024
1819127703402119312,"I excitingly, passionately and powerfully, cast my vote to nominate @kamalaharris to be the Democratic Presidential Nominee! @kamalahq #harris2024 #fitn #SCforHarris2024 #SCForKamalaHarris  
#AllInForKamalaHarris https://t.co/A9uBZD7Var",08-01-2024,0,0,1,32,0,33.842367499999995,-79.08959,NC,Democratic,KamalaHarris,#Harris2024
1819099138266697916,"No he didn't and no, I'm not surprised, just horrified per usual! #NABJ #TrumpIsProject2025 #TrumpIsNotFitToBePresident #Memes #Harris2024 #voteblue #VoteBlueAsifYourLivesDependonit https://t.co/XXpGCsQSe1",08-01-2024,0,0,0,41,0,38.279923499999995,-76.5136315,NC,Democratic,KamalaHarris,#Harris2024
1819043970036506675,"@KamalaHQ @TheSWPrincess We are stronger together.
#Harris2024",08-01-2024,0,0,0,12,0,37.274488500000004,-79.95791,NC,Democratic,KamalaHarris,#Harris2024
1818975945983746528,"Black people have been claiming to have â€˜Indian in their familyâ€™ for as long as I can remember, but Kamala Harris actually does, and now Black people have a problem with it? 

Just canâ€™t win with some of yâ€™all ğŸ¥· 

#Harris2024 
#NoDemUnder5K
#Harris2024ForTheWin",08-01-2024,0,0,0,18,0,33.4407175,-82.06318490000001,NC,Democratic,KamalaHarris,#Harris2024
1833495012102885472,"Happy Trump Tuesday! The day that will live in infamy when Trump mopped the floor with Kamala. Let's create a national holiday for it. ğŸ‰

 #trump2024 #harris2024  #debatenight https://t.co/TLbhH5Rn2I",09-10-2024,38,15,166,5725,5,,,NC,Democratic,KamalaHarris,#Harris2024
1833497132927467960,@EisenNears Trump-appointed judge ruled that Trump had no right to keep Secret documents under Presidential Records Act. He's a threat to US security #trump #TrumpVance  #Trump2024 #Trump2024Vance  #Harris2024 #HarrisWalz2024 #HarrisWalz   https://t.co/NOyyB5AvDj,09-10-2024,0,0,2,7,0,,,NC,Democratic,KamalaHarris,#Harris2024
1833456306084045043,Look who is really out killing the ducks â€¦ #MAGA #Harris2024,09-10-2024,0,0,11,317,0,,,NC,Democratic,KamalaHarris,#Harris2024
1833567180106924341,@CalltoActivism The Trump supporter caught yawning behind Mango Unchained. I can't imagine his life now! #HarrisWalz2024 #Harris2024 https://t.co/7uZoytEsue,09-10-2024,5,4,43,1465,0,,,NC,Democratic,KamalaHarris,#Harris2024
1833130068991758797,@FoxNews Listen to the military. They know what they are talking about. A conman draft dodger does not. #Harris2024,09-09-2024,0,0,0,4,0,,,NC,Democratic,KamalaHarris,#Harris2024
1833130632760713348,"@Damaan4u33 I would welcome them back into the sane world where reality and the American Constitution matter. 

Itâ€™s a cult. A death cult led by fascists.

We have to bring people back to reality. 

#Harris2024",09-09-2024,0,0,0,2,0,,,NC,Democratic,KamalaHarris,#Harris2024
1833129692573864235,@Olivia_T_P They are such utter snowflakes. The walls are closing in on Qari Lake and her grift and she is panicking and bunkering. #Harris2024 @RubenGallego for the win!,09-09-2024,0,0,0,21,0,,,NC,Democratic,KamalaHarris,#Harris2024
1833130307303645450,"@highbrow_nobrow @Acyn Selling out your country for Kremlin cash is the new normal for MAGA. 

This thing is a grifting traitor. Despicable.

#Harris2024",09-09-2024,0,0,0,2,0,,,NC,Democratic,KamalaHarris,#Harris2024
1833168807143088206,"New #Harris2024 stickers! Fast, cute packaging, kind note, and freebies from Pinkdaisystickers on Etsy! #WeAreNotGoingBack is my purchase, the #MyMadamPresidentEra was one of the freebies! (My 4 y/o niece is thrilled with the other 2 because I wouldn't let her play with mine lol https://t.co/k10uIQOMBJ",09-09-2024,0,1,0,14,0,,,NC,Democratic,KamalaHarris,#Harris2024
1833276557936533946,"In the debate for the presidency, instead of looking for a pre-packaged pack of answers, please look for someone with good policies who can actually implement them. Affordable gas and food, the economy,  jobs, and staying out of wars matters EVERY DAY.
#Trump2024 #Harris2024",09-09-2024,0,0,0,12,0,,,NC,Democratic,KamalaHarris,#Harris2024
1833265834262990858,"Trump calls himself tough, but when it came to Putin, he folded like a lawn chair. Kamala Harris has stood up to tyrants and rallied over 50 nations to defend Ukraine. Thatâ€™s real strength, not playground bravado. #Harris2024 #CommanderInChief",09-09-2024,0,0,0,44,0,,,NC,Democratic,KamalaHarris,#Harris2024
1833134703945113891,"Answer the damn question @SarahHuckabee .  
Why do you support a candidate who tried to overthrow the results of the 2020 election?  Who sent a violent mob to the Capitol to kill the VP.
Your lust for power is transparent and dangerous.  You are no good for #Arkansas.
#Harris2024",09-09-2024,0,0,1,25,0,,,NC,Democratic,KamalaHarris,#Harris2024
1833060608943480990,"Yall can finally shutup about â€œwhy itâ€™s not on the websiteâ€ #Harris2024 

Watch the ğŸ¥… move â€¦ https://t.co/5fSqmuwQcX",09-09-2024,23,12,101,3524,4,,,NC,Democratic,KamalaHarris,#Harris2024
1833200367783579752,"The prayer Paula White is about to put down for Donald Trump tonight for his debate tomorrow â€¦ 

Last time she did he he lost the election ğŸ˜­

#MAGA #Trump #Harris2024",09-09-2024,3,1,9,511,0,,,NC,Democratic,KamalaHarris,#Harris2024
1833194225628000715,Kamala got them so shook they having a prayer service for the debate ğŸ˜©ğŸ˜©ğŸ˜© #Harris2024,09-09-2024,6,16,63,2423,1,,,NC,Democratic,KamalaHarris,#Harris2024
1818388032879308973,"The Democrats have to repackage Kamala Harris but if you put lipstick  ğŸ’„ on a  Pig , well it's still a Pig...ğŸ¤”  #MAGA #Harris2024 #DemocratsHateAmerica https://t.co/fOZvYloDkL",07-30-2024,0,0,0,21,0,34.7959415,-82.3422685,NC,Democratic,KamalaHarris,#Harris2024
1818319899204169824,"This is the world of Biden and Kamala ğŸ‘ ğŸ‘ â«ï¸ğŸ’µ Harris
(1) A NATO nation is about to attack Israel ğŸ‡®ğŸ‡±ğŸ’™ğŸ¤ğŸ’™
(2) History lesson
(3) World is burning ğŸ”¥ thanks to Biden and #Harris2024 
We need Trump back #TRUMP2024ToSaveAmerica https://t.co/qnmVO6ek0F",07-30-2024,6,3,12,167,0,35.8439812,-78.657837,NC,Democratic,KamalaHarris,#Harris2024
1829118830615928920,"Why will you vote for @realDonaldTrump over @KamalaHarris ? Or the other way around? 

#Trump2024 #Harris2024 
#Election2024 #PoliticsToday https://t.co/ubTvdRCUc0",08-29-2024,0,0,0,6,0,35.209058999999996,-80.8467855,NC,Democratic,KamalaHarris,#Harris2024
1821627369418895509,Out and about canvassing for the coordinated campaign to rally support for our Democratic candidates. We're hitting the streets to engage with voters and share our vision for a better future.  45 doors knocked #Democrats #Kaine2024 #Harris2024 https://t.co/MGSIyUzcAV,08-08-2024,0,0,0,15,0,37.349436,-77.4403211,NC,Democratic,KamalaHarris,#Harris2024
1815529844962120185,@JoeBiden was playing chess while @realDonaldTrump was playing Uno!! LOLOL #Harris2024 #RidingWithBiden #KamalaHasMyVote #HarrisForPOTUS #JoeBiden #BlueWave2024 #BlueWaveRising #TrumpIsNotFitToBePresident https://t.co/8J57avxSdp,07-22-2024,0,0,1,70,0,38.788313,-77.234527,NC,Democratic,KamalaHarris,#Harris2024
1815501643321872403,"Giving it up for the brovas!

Your call is tonightâœ¨ï¸

#LFG #Harris2024 #WinWithBlackMen

https://t.co/PNhtuL1Gaf",07-22-2024,22,2,48,1148,0,38.64612015,-77.35893915,NC,Democratic,KamalaHarris,#Harris2024
1815499953130938644,"BREAKING: Vice President Harris raises $81 million in 24 hours since President Biden endorsed her, setting a new presidential donation record. #Harris2024 #HarrisForPOTUS #wwbw https://t.co/jEDbLpvUlK",07-22-2024,0,0,0,104,0,35.8439812,-78.657837,NC,Democratic,KamalaHarris,#Harris2024
1815452405108273454,"Dramatic and sudden emergence of the FIRST female &amp; black US President @KamalaHarris? 
Understanding the reality of power https://t.co/pjo4f4daYK #BidenHarris2024 #bidenout #Biden #HarrisIn #Harris2024 #Harris https://t.co/cZnUsfjiu1",07-22-2024,0,5,1,99,0,38.89860285,-77.0143985,NC,Democratic,KamalaHarris,#Harris2024
1815425609260204160,Dear @Converse - We need shoes #Harris2024,07-22-2024,0,0,0,5,0,35.209058999999996,-80.8467855,NC,Democratic,KamalaHarris,#Harris2024
1815412472041398393,"My colleague @LilyForDelegate is putting Vance &amp; Maga on notice!

She is the Regional Political Director for the largest portion of rural Virginia, and she didn't come to playâœ¨ï¸

#Harris2024 #LetsGoVA",07-22-2024,3,0,11,429,0,38.64612015,-77.35893915,NC,Democratic,KamalaHarris,#Harris2024
1815366397699989597,So a small group of courtiers knifed the weak old king &amp; now they seek to anoint his heir in a closed process. Gotta say your democracy looks a lot like a monarchy. Didn't we once fight a war over that? #USElection2024 #biden #Harris2024,07-22-2024,0,0,0,19,0,38.89860285,-77.0143985,NC,Democratic,KamalaHarris,#Harris2024
1816113193636241691,I agree. Any man on this planet that would vote for someone like Kamala is worse than a homosexual #MAGA #Harris2024,07-24-2024,0,0,0,10,0,35.9824705,-83.9638415,NC,Democratic,KamalaHarris,#Harris2024
1834011772497658103,"ğŸš¨After last nights debate, EVERYONE NEEDS TO WATCH THIS MOVIEâ€¼ï¸ No matter if youâ€™re for #Trump2024 or #Harris2024 the message in this movie is FOR YOUâ€¼ï¸ â€œThe Huntâ€

TikTok: Kidchaosmia https://t.co/aBYYiwlYjZ",09-11-2024,5,0,11,2298,1,,,NC,Democratic,KamalaHarris,#Harris2024
1834008725742571600,Childless Cat Ladies for Harris-Walz #HarrisWalz #Harris #Harris2024,09-11-2024,0,0,0,13,0,,,NC,Democratic,KamalaHarris,#Harris2024
1834001448251555990,"@RBReich She was soo good â€¦if she could have snatched off his wig, she would have ğŸ˜‚ğŸ˜‚ğŸ˜‚
#Harris2024 #VoteBlueToPreserveYourRights https://t.co/rwWta2cSNi",09-11-2024,0,0,0,5,0,,,NC,Democratic,KamalaHarris,#Harris2024
1833993855202402379,"@RpsAgainstTrump A Yale educated private equity, billionaire backed Ivy League white guy is saying this? 

Perhaps this fascist dork should take several seats. Or a couch. Oh, wait. 

#Harris2024",09-11-2024,0,0,0,19,0,,,NC,Democratic,KamalaHarris,#Harris2024
1833967160562954324,Can we all admit @KamalaHarris looked so fierce and confident walking up to the panel. And her nails were just as perfect as her. ğŸ’…ğŸ¼ #Harris2024,09-11-2024,0,0,0,11,0,,,NC,Democratic,KamalaHarris,#Harris2024
1833935882489074065,@revhowardarson I love the Tiffany hardware collection. #harris2024,09-11-2024,0,0,0,9,0,,,NC,Democratic,KamalaHarris,#Harris2024
1833897586299912449,Madame President!!! #Harris2024,09-11-2024,0,0,0,14,0,,,NC,Democratic,KamalaHarris,#Harris2024
1833880316341088412,"""and president trump were elected 4 years ago"" ğŸ˜³. Freudian slip- memory, or physical action that occurs due to the interference of an unconscious subdued wish or internal train of thought.  We know who won!   #trump2024 #ElectionIntegrity #Harris2024 https://t.co/HthTarcP6w",09-11-2024,0,0,0,29,0,,,NC,Democratic,KamalaHarris,#Harris2024
1833879405405356514,I missed this part last night but she drug him .. She even mentioned the part about him inviting Taliban to Camp David around #September11 #Afghanistan #Harris2024 https://t.co/sATELyH9hL,09-11-2024,5,1,50,1858,4,,,NC,Democratic,KamalaHarris,#Harris2024
1833837031203463409,She SPANK DAT ASS!!!!!! ğŸ¥¥ #Harris2024,09-11-2024,0,0,0,12,0,,,NC,Democratic,KamalaHarris,#Harris2024
1833804231939178939,lol they are spiraling after last night â€¦ a grift campaign #Harris2024,09-11-2024,11,9,92,4500,1,,,NC,Democratic,KamalaHarris,#Harris2024
1833802865044771080,"The Central Park Five should actually sue Trump as he claimed on national TV that they ultimately killed someoneâ€¦ Even in that case, they were exonerated, and the woman is still alive today. #MAGA #debate #Trump #Harris2024",09-11-2024,3,0,11,245,0,,,NC,Democratic,KamalaHarris,#Harris2024
1833798305995776013,"lol the fact that heâ€™s asking this tells us how #Debatenight went.  

#Harris2024",09-11-2024,8,13,120,4481,1,,,NC,Democratic,KamalaHarris,#Harris2024
1833785573741392020,"Trump turned into Archie Bunker during #Debate2024. A reptile-brain contrarian paranoid, spewing hallucinatory lies.

#Harris2024 ğŸ‡ºğŸ‡²",09-11-2024,1,0,0,107,0,,,NC,Democratic,KamalaHarris,#Harris2024
1833727095060439078,"Guess what? Taylor Swift, childless cat lady, just endorsed Kamala Harris and presented a credible argument about the dangers of AI in one beautiful post. And ended with some classic snark. 

Classy fucking chick. #HarrisWalz2024 #Harris2024 #debate2024 https://t.co/ZQ0pzOI0Ee",09-11-2024,0,0,1,186,0,,,NC,Democratic,KamalaHarris,#Harris2024
1833719114021401027,"She has just turned the page!
#Harris2024",09-11-2024,0,0,0,6,0,,,NC,Democratic,KamalaHarris,#Harris2024
1833716902897619178,"Trump is spouting so much BS and complete lies, itâ€™s like heâ€™s reading off a ChatGPT-made script.

Trump doesnâ€™t have a plan for you, only himself. He wants power, not a future for you and your family.

We CANNOT let him win. Voting for #Harris2024 is a NECESSITY for our country.",09-11-2024,0,0,0,16,0,,,NC,Democratic,KamalaHarris,#Harris2024
1833714378182398114,@KamalaHarris mopped the floor with @realDonaldTrump new darker dyed hairpiece.  He is unhinged and should be checked into a nursing home ASAP. Someone get this poor old man some help! #trump #donaldtrump #dumptrump #debate #unhinged #harris2024 #kamalaharris #kamala #voteblue https://t.co/qIrmEZfZtA,09-11-2024,0,0,0,61,0,,,NC,Democratic,KamalaHarris,#Harris2024
1833712234347827219,#KamalaUnitesUS she won tonight ğŸ’™ğŸ‡ºğŸ‡¸ let go America #Harris2024,09-11-2024,0,0,1,148,0,,,NC,Democratic,KamalaHarris,#Harris2024
1833710809262047251,That was the best debate in the history of debates. It was so good because of just how bad Donald Trump was that the differences between the candidates are drastically different than a sigh during an answer or a quick look at a watch. This is the end of Donald Trump. #Harris2024,09-11-2024,19,5,183,8721,0,,,NC,Democratic,KamalaHarris,#Harris2024
1833708600046342616,"Election 2024 Taylorâ€™s Version 

#Harris2024 #HarrisWalz
#Debate2024 https://t.co/4uf9RNy7Sp",09-11-2024,0,0,0,175,0,,,NC,Democratic,KamalaHarris,#Harris2024
1833707658181849284,Does tonightâ€™s #Debate change your decision? #Trump #harris #Debatenight #Trump2024 #Harris2024,09-11-2024,0,0,0,62,1,,,NC,Democratic,KamalaHarris,#Harris2024
1833707623000265072,"Childless Cat Lady Checking In âœ”ï¸
#Harris2024 https://t.co/A8sWgRHSng",09-11-2024,6,10,399,3830,0,,,NC,Democratic,KamalaHarris,#Harris2024
1833707508902338758,"Tay Tay has joined the chat and endorsed Kamala. 

@Swifties4Kamala assemble!

#Harris2024 https://t.co/d9IOErYUHI",09-11-2024,0,0,0,18,0,,,NC,Democratic,KamalaHarris,#Harris2024
1833707419148456439,"In the first 5 minutes of tonightâ€™s debate it was obvious she had been handed the questions ahead of time. After that was clear I couldnâ€™t even watch. 

#trump2024
#harris2024
#ABCDebate",09-11-2024,0,0,2,459,1,,,NC,Democratic,KamalaHarris,#Harris2024
1818047796483604649,"@megynkelly What have you done for women of America???

Seems to me, that you are purely just a hater. Hater of people of color. A hater of women who don't look like you. A hater of people whom don't share your dumb ass racist beliefs. You suck! No pun intended.
#Harris2024",07-29-2024,0,0,0,1,0,33.9922818,-83.7233251,NC,Democratic,KamalaHarris,#Harris2024
1832497751013441545,Unsealed FBI Doc Exposes Depth of Russian Disinfo Scheme | The New Republic - grifters taking Kremlin cash to burn down the United States. We have to win. #Harris2024 https://t.co/foVBO4t6FS,09-07-2024,0,0,0,29,0,,,NC,Democratic,KamalaHarris,#Harris2024
1832495024346690018,"The way she goes in for the two arm hug in the picture and our MVP does the same. 

THIS is the leader we deserve and WANT #Harris2024",09-07-2024,1,1,6,526,0,,,NC,Democratic,KamalaHarris,#Harris2024
1832489450888106459,Kamala for the People #Harris2024,09-07-2024,2,1,21,649,0,,,NC,Democratic,KamalaHarris,#Harris2024
1832470826253254935,"@GOP Fraternal + Order + Police &amp; Trump in the same sentence? 

Hell no. #Harris2024 

https://t.co/Y8XjBJrLbm",09-07-2024,0,0,1,12,0,,,NC,Democratic,KamalaHarris,#Harris2024
1832450390144516255,"I hope Harris whoops dat a** on Tuesday; I mean dog walk that mfn racist bigot. 

#Harris2024",09-07-2024,0,0,2,102,0,,,NC,Democratic,KamalaHarris,#Harris2024
1832261105919398310,"#IllegalImmigration | #migrantcrisis | #harris2024

This is Kamalaâ€™s America.",09-07-2024,0,0,0,26,0,,,NC,Democratic,KamalaHarris,#Harris2024
1832207297910628442,"@RpsAgainstTrump Truth. Rep Cheney is a patriot. 

#Harris2024",09-07-2024,0,0,0,3,0,,,NC,Democratic,KamalaHarris,#Harris2024
1818656071491170430,Kamala ğŸ‘ ğŸ‘ â«ï¸ğŸ’µ Harris is not a encouragement to our Black daughter she a disgrace. The parachute a woman in to claim Black and display and promote the worst of the Black Community #DoBetter #Harris2024 #WinWithBlackWomen #Trump2024 https://t.co/8GjQc8hojw,07-31-2024,12,9,43,1283,0,35.8439812,-78.657837,NC,Democratic,KamalaHarris,#Harris2024
1819202419189809360,"@unclelukereal1 Black and other minority farmers are getting $2 Billion from USDA after years of discrimination. 

The initial 1999 lawsuit alleged that in myriad ways the agency discriminated against Black farmers.
 #BidenHarris
#Harris2024 #Harris2024ForTheWin
https://t.co/I5ehiquybQ",08-02-2024,1,0,5,85,0,38.89860285,-77.0143985,NC,Democratic,KamalaHarris,#Harris2024
1834756498213257222,What Has She Done?? This is what. #Harris2024 #HarrisForPotus2024 #HarrisTrumpDebate2024 https://t.co/h0kBPOX3R1,09-14-2024,0,0,3,13,0,,,NC,Democratic,KamalaHarris,#Harris2024
1834896165185163475,"Wow he actually said something I agree with.. 

But then again, why are some of yâ€™all trying to get Black people to vote the couch, which would also be wasted vote ğŸ¤”

#JillStein #Harris2024",09-14-2024,2,1,6,378,0,,,NC,Democratic,KamalaHarris,#Harris2024
1835098688395354527,â€œThe America We Deserveâ€ - The Kamala Harris Version #Harris2024,09-14-2024,2,3,20,558,0,,,NC,Democratic,KamalaHarris,#Harris2024
1835003634867699733,"This is who Trump is flying around on his plane and taking to the 9/11 memorial ceremony. 

Register and encourage your people to vote. #Harris2024

 https://t.co/3tNQJ8Y3Ns",09-14-2024,0,0,0,40,0,,,NC,Democratic,KamalaHarris,#Harris2024
1834927994713813346,Been with @KamalaHarris from the beginning! #khive #kamalafornc #harris2024 https://t.co/t82KnqgrOb,09-14-2024,0,0,0,20,0,,,NC,Democratic,KamalaHarris,#Harris2024
1834822620396577137,"This is what a normal rally looks like! 
#NotACult
#Harris2024",09-14-2024,0,0,0,13,0,,,NC,Democratic,KamalaHarris,#Harris2024
1834789104296362475,We're not going back. Time to go forward. Let's go. #Harris2024,09-14-2024,0,0,0,8,0,,,NC,Democratic,KamalaHarris,#Harris2024
1835015217064845748,"These people are traitors. To the country. To the people. To the constitution. We have to vote en masse.

The @GOP is a cult. 

#Harris2024",09-14-2024,0,0,0,19,0,,,NC,Democratic,KamalaHarris,#Harris2024
1834812093683388443,"#DonaldTrump decided to read a bedtime story to his supporters and from the looks of it, it worked. Sleepy don strikes again. #sleepydon #trumprally #voteblue #harris2024 #votekamala #kamalaharris #TikTok https://t.co/Ouco1bAWmo",09-14-2024,0,0,1,38,0,,,NC,Democratic,KamalaHarris,#Harris2024
1835014033029701789,"@elonmusk you can seriously look us in the eyes and say THIS is a better presidential candidate than @KamalaHarris
What did he promise you? Control of #NASA to achieve your life's goal of ""Stealing the moon"" wait that's gru, you want #Mars
#Harris2024 https://t.co/cDBZjHGcjP",09-14-2024,0,0,0,14,0,,,NC,Democratic,KamalaHarris,#Harris2024
1834813551799591208,#DonaldTrump read his supporters a bedtime story at his â€œRallyâ€ in #LasVegas todayâ€¦ they look pretty sleepy so it must be working. #trumprally #Kamala2024 #voteblue #harris2024 #sleepydon https://t.co/9F7hrQEQk5,09-14-2024,0,1,1,41,0,,,NC,Democratic,KamalaHarris,#Harris2024
1832791212467589150,"We can stop this. 

We can actually save childrenâ€™s lives. 

#VoteBlueAsifYourLivesDependonit 

#Harris2024 https://t.co/S5rN0FhSUH",09-08-2024,0,0,0,11,0,,,NC,Democratic,KamalaHarris,#Harris2024
1832798587732062281,Harris reveals her own economic vision: Itâ€™s not Bidenomics. Iâ€™m living what sheâ€™s offering to do. â¦@KamalaHQâ© #harris2024 https://t.co/GOq5dlbnMf,09-08-2024,0,0,0,5,0,,,NC,Democratic,KamalaHarris,#Harris2024
1832788277721460795,Absolutely! Trump's desperation is a clear sign of his downfall. Justice is finally catching up! ğŸŒŸ #Harris2024 #ProudBlue,09-08-2024,4,0,6,146,0,,,NC,Democratic,KamalaHarris,#Harris2024
1832881294549934120,"This is fantastic. 
#Harris2024",09-08-2024,0,0,1,64,1,,,NC,Democratic,KamalaHarris,#Harris2024
1832774397221835257,"https://t.co/s6UBJrzAZa

Weird creepy TX AG sues to get access to see womenâ€™s private health records. 

How is this not making more noise. 

#RoevemberIsComing #Harris2024",09-08-2024,0,0,0,16,0,,,NC,Democratic,KamalaHarris,#Harris2024
1832629114609541525,Voting #Harris2024 to make sure my wife and our daughters have bodily autonomy.,09-08-2024,1,0,3,93,0,,,NC,Democratic,KamalaHarris,#Harris2024
1832575593306820772,"Says the orange foul smelling trash bag who wants this to be our last election if he wins. 
#HarrisForPOTUS
#Harris2024",09-08-2024,0,0,2,49,0,,,NC,Democratic,KamalaHarris,#Harris2024
1817677070740115574,My @DNC delegate nominating petition is signed and sealed. Vote #KamalaHarris in November! #DemocracyIsOnTheBallot #Harris2024 #HarrisForPresident @TheDemocrats @DCDemocrats https://t.co/KG1CEAC0IK,07-28-2024,1,0,19,3138,1,38.89860285,-77.0143985,NC,Democratic,KamalaHarris,#Harris2024
1817568293097705829,"Have you checked out @davidpakmanshow Project 2025 White Paper?! It is FREE and full of need to know info!

#Resist #DemVoice1 #VoteBlue #KamelaHarris2024 #YesWeKam #Harris2024 #YesWeKam",07-28-2024,0,0,0,20,0,38.003375500000004,-79.42086499999999,NC,Democratic,KamalaHarris,#Harris2024
1817561522043830273,"Friends! ONLY 100 DAYS! We MUST elect @KamalaHarris to protect our democracy! I'm voting for the PROSECUTOR not the CRIMINAL!

The excitement is palpable and contagious! Share it with everyone! Do what you can to support #KamelaHarris2024! 

#VoteBlue ğŸŒŠ #Harris2024 ğŸ’™ #WeCanWin https://t.co/NDr7VZ0TgB",07-28-2024,0,0,1,17,0,38.003375500000004,-79.42086499999999,NC,Democratic,KamalaHarris,#Harris2024
1817553728343290212,"Maryland Early Voting information 
#Maryland #DMV #Harris2024
#Harris2024ForTheWin https://t.co/YTEa5LVXeW",07-28-2024,0,0,0,30,0,39.008349499999994,-77.017853,NC,Democratic,KamalaHarris,#Harris2024
1817542186314940790,"I told my 15 year old daughter I was leaving to run errands yesterday. Unprompted, she came downstairs wearing her vintage (circa 2019) #KamalaHarrisForThePeople t-shirt. So, we took a selfie! ğŸ“¸

#GenZ is ready, ya'll!!! ğŸ’›
#Harris2024 #PeoplePowered https://t.co/3B6bOC6p99",07-28-2024,946,31,6719,51191,24,33.6311395,-80.926628,NC,Democratic,KamalaHarris,#Harris2024
1817511444767785108,"Good morning, This is the day that the Lord has made. We will rejoice and be glad in it...  AMEN ğŸ™ğŸ¾ğŸ‘‹ğŸ¾ğŸ™ğŸ¾ğŸ‘‹ğŸ¾

Join us this morning, family. #Harris2024  Psalm 118:24 https://t.co/zi2jCtqR2g",07-28-2024,0,0,1,26,0,38.003375500000004,-79.42086499999999,NC,Democratic,KamalaHarris,#Harris2024
1823889431712891220,"Harris has said she wants to eliminate private health insurance, replacing it with Medicare for all, which is complete government control of healthcare. To make this worse, she believes that illegals are entitled to the same healthcare as American citizens. Government would be deciding who gets treated, who gets needed surgeries/treatments, and possibly, more.
Harris is trying to back away from her prior stance, but she will say anything to be elected. Believe it.",08-15-2024,255,36,259,11148,11,,,NC,Democratic,KamalaHarris,#Harris2024
1823884563774423207,"Hey, Nikki Haley voters

Hold your nose and vote Harris. https://t.co/cuwzxYLKSY",08-15-2024,158,19,1015,11456,3,,,NC,Democratic,KamalaHarris,#Harris2024
1824036741751173384,Good morning to all the post-menopausal women who will be voting for #HarrisWalz2024,08-15-2024,452,133,2042,16570,24,,,NC,Democratic,KamalaHarris,#Harris2024
1824214664764592385,"Harris campaign releases four-year housing plan aimed at lowering housing costs and ending housing shortage:

1. Calling for the Construction of 3 Million New Housing Units

2. Taking on Corporate and Major Landlords

3. $25,000 Down-Payment Support for First-Time Homeowners https://t.co/wfAiXvdgjB",08-15-2024,1710,2287,5520,686827,337,,,NC,Democratic,KamalaHarris,#Harris2024
1823907683344306415,Come on through Filipino Americans for Harris. ğŸ‘ğŸ¾ğŸ‘ğŸ¾ğŸ‘ğŸ¾ğŸ‘ğŸ¾CC : @filamsforharris https://t.co/hSD2wAMo1b,08-15-2024,270,11,678,11401,11,,,NC,Democratic,KamalaHarris,#Harris2024
1824056426316128640,"""I think itâ€™s very important to remember that this has been the Biden-Harris agenda. Kamala Harris has been an integral architect and executor of the policies of the Biden-Harris administration,"" @AmbassadorRice  said. https://t.co/vUIAkt2L9p",08-15-2024,284,37,229,9876,9,,,NC,Democratic,KamalaHarris,#Harris2024
1823929557512282477,"@RpsAgainstTrump Looks like Harris is shaking things up! If she keeps this momentum, we might see some unexpected results come November. Change is in the air!",08-15-2024,21,3,348,33573,0,,,NC,Democratic,KamalaHarris,#Harris2024
1823884225663139995,"""So many of us have chosen platitudes and piety over keeping our neighbors safe. We have traded the greatness of Christ for the whiteness of nationalism to our very own detriment, and to the detriment of the gospel."" - Nelba Marquez-Greene (@Nelba_MG) 

Itâ€™s not too late to join our call, we are LIVE:
https://t.co/qsDG1D1kFR

#evangelicalsforharris #faithvoters #faithinaction #christiansforharris #harriswalz2024",08-15-2024,64,13,264,10198,5,,,NC,Democratic,KamalaHarris,#Harris2024
1823902273858085328,MICHAEL HARRIS II HITS A GRAND SLAM IN HIS 1ST AT BAT OFF THE IL https://t.co/wrP3fOuD8l,08-15-2024,355,72,5730,370778,85,,,NC,Democratic,KamalaHarris,#Harris2024
1824044953648943567,"Good morning friends, I hope your day is as beautiful as you are! REMEMBER, you're WORTH IT and YOU MATTER! Be good to those good to you!  
ğŸ’™ğŸ’™ğŸ’™Thursday FBP!ğŸ’™ğŸ’™ğŸ’™ 
Like 
Comment 
Retweet 
VET 
Follow 
#HarrisWalzBringHope 
#HarrisWalzLandslide2024 
DO NOT BELIEVE THE POLLS GOOD OR BAD! 
WE HAVE MORE WORK TO DO! LETS GO!!!",08-15-2024,169,107,329,4025,9,,,NC,Democratic,KamalaHarris,#Harris2024
1824205794470178991,@harris_wins Donald Trump is more than likely aware that his 10 year old message of gloom and doom inspires absolutely no one. It's beyond time that he releases the stranglehold from the balls of the GOP he emasculated. #HarrisWalz2024 BLUE LOVE! ğŸ’™ğŸ’™ğŸ’™,08-15-2024,95,75,656,32517,2,,,NC,Democratic,KamalaHarris,#Harris2024
1823894064850211108,"ğŸ¤£ğŸ¤£ğŸ¤£ğŸ¤£ğŸ¤£

Harris and her â€œoriginalâ€ plans to Make America Great Again!! ğŸ™„ğŸ™„ğŸ™„
https://t.co/RUQ5x32Rqk",08-15-2024,143,42,212,12859,8,,,NC,Democratic,KamalaHarris,#Harris2024
1823902489931849866,"MICHAEL HARRIS II GRAND SLAM

@MoneyyyMikeee | #BravesCountry https://t.co/4JofANBxQ8",08-15-2024,1642,195,8915,480418,485,,,NC,Democratic,KamalaHarris,#Harris2024
1823898577552261178,"""For me, it's not a hard decision. I will eagerly support Vice President Harris and Tim Walls because I believe that even where we disagree there is respect."" - Adam Kinzinger (@AdamKinzinger)

A great moment from our zoom call to support #harriswalz2024.

We would love for you to consider joining us in prayer and pledging:
https://t.co/lOdrdw1mQb

#evangelicalsforharris #faithvoters #faithinaction #christiansforharris #harriswalz2024",08-15-2024,320,267,1332,150449,28,,,NC,Democratic,KamalaHarris,#Harris2024
1823898396320764115,"""To be pro life is to give myself to the concerns that affect the continuum of life from the cradle, to the grave."" - Bishop Claude Alexander (@BishopCRAJr) 

A great moment from our zoom call to support #harriswalz2024 in faith.

We would love for you to consider joining us in prayer and pledging:
https://t.co/lOdrdw1UFJ

#evangelicalsforharris #faithvoters #faithinaction #christiansforharris #harriswalz2024",08-15-2024,63,52,349,12526,7,,,NC,Democratic,KamalaHarris,#Harris2024
1824086503624216774,"æé€ å ±é“ğŸ‡ºğŸ‡¸ ï½·ï¾€â”â”â”â”(ï¾Ÿâˆ€ï¾Ÿ)â”â”â”â”!!

ã€ç±³å¤§çµ±é ˜é¸ã€‘ãƒãƒªã‚¹æ°ãŒã»ã¼ã€Œã™ã¹ã¦ã€ã®æ¿€æˆ¦å·ã§ãƒˆãƒ©ãƒ³ãƒ—æ°ã‚’ãƒªãƒ¼ãƒ‰
 https://t.co/lIijBI1W2I",08-15-2024,743,210,4477,197730,64,,,NC,Democratic,KamalaHarris,#Harris2024
1824227828680040868,@harris_wins Losing BY A LOT. Like no-ones ever seen before. Bigly.,08-15-2024,31,20,684,30336,1,,,NC,Democratic,KamalaHarris,#Harris2024
1824214511341244657,"We are NOT going back!
#WomenForHarris #HarrisWalz2024 #FORWARD https://t.co/qjjqZXj8qK",08-15-2024,77,26,499,6590,7,,,NC,Democratic,KamalaHarris,#Harris2024
1824177981373419744,"@kdollsweety Hi KDoll ğŸ’â€â™‚ï¸
Am optimistic. In Blue State California over half the voters I meet won't vote #HarrisWalz2024 or Democrats in the House of Representatives. With Grass Roots work, we hope to gain 6 more seats for a Purple State #Election2024. Hang in there! ğŸ˜Š
Have a great evening âœ¨",08-15-2024,14,33,275,35313,1,,,NC,Democratic,KamalaHarris,#Harris2024
1816832664256602617,Fuck y'all heauxs! #Harris2024 https://t.co/K5e90CFEm5,07-26-2024,0,0,1,18,0,35.9909825,-78.8954403,NC,Democratic,KamalaHarris,#Harris2024
1816662254307184738,this will no go over well with Donald. #Harris2024,07-26-2024,0,0,1,214,0,34.040213,-80.9688075,NC,Democratic,KamalaHarris,#Harris2024
1816648830537826335,"AMEN @MalloryMcMorrow!! Knock doors ğŸšªâœŠ in swing states, not send them postcards!! #Harris2024 https://t.co/uPs0HJlplo",07-26-2024,3,0,14,582,1,38.003375500000004,-79.42086499999999,NC,Democratic,KamalaHarris,#Harris2024
1816642712478552532,"White women zoom call....PINK is speaking!!! #AnswerTheCall2024 
#Harris2024 https://t.co/zImiTP6WUp",07-26-2024,0,0,2,218,0,34.35161465,-81.07717465,NC,Democratic,KamalaHarris,#Harris2024
1831166817928196379,"#VoteHarrisWalz #HarrisWalz2024 #Harris2024

Support economic growth, job creation, and investments in education and healthcare. Back a two-state solution for Israel and Palestine, support Ukraine, for immigration reform, and prevent Trumpâ€™s divisive return. https://t.co/sBCshaxbEd",09-04-2024,0,0,0,58,0,35.0031835,-80.56269499999999,NC,Democratic,KamalaHarris,#Harris2024
1815559194910556187,Got #Harris2024 merch already! https://t.co/rsqpJgI4ay,07-23-2024,0,0,0,21,0,32.91442455,-80.04593915,NC,Democratic,KamalaHarris,#Harris2024
1834696878732017704,"VP Harris showed true leadership, while Trump doubled down on toxic positions that will haunt him. He refused to answer on a national abortion ban, pushed the Big Lie, aligned with January 6 rioters, and vowed to repeal the Affordable Care Act. Voters wonâ€™t forget. #Harris2024 https://t.co/8GXBgLzMRR",09-13-2024,5,0,4,255,0,,,NC,Democratic,KamalaHarris,#Harris2024
1834676810816405529,"@CottrellRodger @MatthewByrne1 ğŸ¤£ğŸ¤£ğŸ¤£ğŸ¤£. 

Go CC!!! The true Bball fans still support you!! 

#Harris2024",09-13-2024,0,1,0,39,0,,,NC,Democratic,KamalaHarris,#Harris2024
1834626808337289237,"@TrumpDailyPosts .@TrumpDailyPosts

#Trump WAS in the ğŸ¥Š bout #Debate2024.
NOW, Donny is FLATTENED ğŸ¥ŠğŸ¥ŠğŸ¥Š on the canvas &amp; â€œclaimsâ€ he won.

But in truth he caught cold.
ğŸ’¦ğŸ’¦ğŸ›ï¸ğŸ’¦ğŸ’¦

He wonâ€™t dare give you more rounds to judge for yourself.
TRUMP is ON THE ROPES. 
ROASTED ğŸ¥ŠğŸ¥ŠğŸ¥Š by #Harris2024 ğŸ¥Š",09-13-2024,0,1,0,6,0,,,NC,Democratic,KamalaHarris,#Harris2024
1834605443517444292,@DebbieforFL Voters of Florida please #TurnFloridaBlue vote for @DebbieforFL and #Harris2024,09-13-2024,0,0,0,12,0,,,NC,Democratic,KamalaHarris,#Harris2024
1834560214466428928,People have asked for more specifics on Kamala Harris' plans for the economy. I hope this helps to inform you. #Harris2024 #VoteBlue2024 https://t.co/R5ZnKVz8Op,09-13-2024,0,0,0,6,0,,,NC,Democratic,KamalaHarris,#Harris2024
1834474995873185860,This debate had a clear winner in Kamala Harris who is more than ready to be the next President of the United States. #Harris2024 https://t.co/yUva9c3C86,09-13-2024,0,1,1,7,0,,,NC,Democratic,KamalaHarris,#Harris2024
1834451586107482243,"If anyone has or finds pics of my @KamalaHarris tattoo at the
Charlotte rally, let me know! 

#KamalaForNC #Harris2024",09-13-2024,0,0,2,35,0,,,NC,Democratic,KamalaHarris,#Harris2024
1834421391275290863,@KamalaHarris rallying for North Carolina in Greensboro !  #Harris2024 #HarrisForThePeople #Kamala2024 https://t.co/3C1JVmwK9e,09-13-2024,0,0,1,34,0,,,NC,Democratic,KamalaHarris,#Harris2024
1834419330466869399,So excited that we have such a strong choice to lead the nation in Kamala Harris this November!  #HARRIS2024,09-13-2024,0,0,0,5,0,,,NC,Democratic,KamalaHarris,#Harris2024
1834419005903208901,@mjfree He took a beating. Still lovin' it and that we have such a strong articulate intelligent choice in Kamala Harris this November!! #HARRIS2024,09-13-2024,0,0,0,2,0,,,NC,Democratic,KamalaHarris,#Harris2024
1834410258443145536,"Kamala Harris just lit up Greensboro, North Carolina!

This is bigger than one personâ€”this is our movement, powered by millions who believe in justice, unity, and a brighter future. 

Let's show up and vote like everything is on the line, because it is!

#OurMovement #Harris2024 https://t.co/5HJrBtyADL",09-13-2024,254,6,704,7718,0,,,NC,Democratic,KamalaHarris,#Harris2024
1834408357014204866,"White House accidentally sends bombshell email to Fox News Digital https://t.co/Pdxb48qet3 via @YouTube

WOW. #TRAITOR #spineless #assholes
#BidenHarris #Harris2024",09-13-2024,0,0,0,16,0,,,NC,Democratic,KamalaHarris,#Harris2024
1834398959776743709,All of this shows that Harris has been doing everything to the best of her ability! #Harris2024 #HarrisWalz #HarrisForPOTUS,09-13-2024,0,0,1,15,0,,,NC,Democratic,KamalaHarris,#Harris2024
1834398826020417789,"Trump â€” Thanks for the memories.  #trump
#Harris2024 #HarrisForPOTUS  #Trump2024Vance https://t.co/mm4CjXvPsV",09-13-2024,0,0,0,34,1,,,NC,Democratic,KamalaHarris,#Harris2024
1835003980717461731,@RightWingWatch These people are actually serious. Thatâ€™s what is so fucking scary. Gilead bros right there. #HandsmaidsTale #Harris2024,09-14-2024,0,0,0,12,0,,,NC,Democratic,KamalaHarris,#Harris2024
1834961389762306148,"@LaCivitaC @axios You godforsaken traitor. 

#Harris2024 https://t.co/8WSo6wgqFA",09-14-2024,0,0,3,176,0,,,NC,Democratic,KamalaHarris,#Harris2024
1833653840744157209,"Had dinner + a glass of wine. Went for a walk. Played Fortnite. My relaxation time is over.

Fuck.

#Debate2024 #Harris2024",09-10-2024,0,1,1,186,0,,,NC,Democratic,KamalaHarris,#Harris2024
1833539005767365056,"Trumpâ€™s still out here measuring crowd sizes while Kamala Harris is measuring up to lead the nation. Obama called it out best: a 78-year-old billionaire obsessed with crowd size instead of the people. Tonightâ€™s debate? Itâ€™s Harris for America vs. Trump for Trump. 

#Harris2024 #DebateDay #CrowdSize",09-10-2024,0,0,0,104,0,,,NC,Democratic,KamalaHarris,#Harris2024
1833536301015941361,"There's still time to inspire others to make their voices heard. Remind a friend of the power of their voteâ€”and its importance! Tune in, turn outâ€¦ help drive the change. Every voice matters. Every vote counts!

#VolunteerBlue #Harris2024 #GetOutTheVote https://t.co/xRkPWskSuI https://t.co/ChL3YA0ZIS",09-10-2024,0,0,0,4,0,,,NC,Democratic,KamalaHarris,#Harris2024
1833530201210519740,"@JDVance You are going to be recorded in history as a total clown. 

You fascist dork.

#weirdAF #Harris2024 https://t.co/GkauyROT1K",09-10-2024,0,0,0,8,0,,,NC,Democratic,KamalaHarris,#Harris2024
1833522055440175340,I wish I would have put together a watch party for the Debate tonight. Itâ€™s going to be good. My future President is going to nail that man to the floâ€™. #Harris2024,09-10-2024,0,0,0,15,0,,,NC,Democratic,KamalaHarris,#Harris2024
1833309302976610338,JD Vance is a fascist dork. And weird. And dumb AF. #Harris2024,09-10-2024,0,0,0,32,0,,,NC,Democratic,KamalaHarris,#Harris2024
1815131185351385124,Iâ€™m going to spent my entire paycheck when the #Harris2024 merch drops,07-21-2024,0,1,31,712,0,38.89860285,-77.0143985,NC,Democratic,KamalaHarris,#Harris2024
1815112893295431899,I will be proudly casting my vote for @VP @KamalaHarris at the DNC Convention and I will be urging all of the convention delegates to do the same! This is a no-brainer...she's ready to lead us! #Harris2024,07-21-2024,1,0,8,163,0,38.893446850000004,-77.01464849999999,NC,Democratic,KamalaHarris,#Harris2024
1834381464462573674,She should resign due to her deceiving the American people #ResignHarris2024 #Trump #Harris2024 @DonaldJTrumpJr  @realDonaldTrump @realTrumpNewsX,09-12-2024,0,0,0,35,0,,,NC,Democratic,KamalaHarris,#Harris2024
1834366624024989824,Kamala has packed out two rallies in North Carolina today in major cities of Charlotte and Greensboro #Harris2024,09-12-2024,9,2,46,661,0,,,NC,Democratic,KamalaHarris,#Harris2024
1834326443859325026,"Also if your life was so much better 4 years ago, because of Mike Penceâ€™s policies, why didnâ€™t he get more votes during the primary??? #Harris2024",09-12-2024,0,1,9,256,0,,,NC,Democratic,KamalaHarris,#Harris2024
1834325839858860514,"If VPs have so much control, why didnâ€™t Mike Pence get a complete abortion ban or stronger federal ban? After all he had control of senate for all four years .. Why didnâ€™t he overrule Trump?? ğŸ‘€ #Harris2024",09-12-2024,6,1,27,340,0,,,NC,Democratic,KamalaHarris,#Harris2024
1834269500897951747,"Donald Trump on multiple occasions said that VP Kamala Harris was unintelligent, dumb, etc, but he lost the debate to her so how does that make him look â€¦ #Harris2024 #Trump",09-12-2024,0,1,7,252,0,,,NC,Democratic,KamalaHarris,#Harris2024
1834238605801193548,Most Black AMERICAN VOTERS are rocking with #Harris2024,09-12-2024,1,1,14,367,0,,,NC,Democratic,KamalaHarris,#Harris2024
1834235807080595567,"Umm @NRA have you ever read @realDonaldTrump book â€œThe America We Deserveâ€ 

He also said that he supported an assault weapon ban â€¦ He was also in favor of longer background checks .. #MAGA #Trump #Harris2024 https://t.co/Q2bpHih3dc",09-12-2024,1,0,1,208,0,,,NC,Democratic,KamalaHarris,#Harris2024
1820475658910216415,"Dow down 1000 this morning... Bidenomics is working well ğŸ˜‚ Middle East on the brink of war, housing market is crashing, global market sell-off as recession is coming... ""We did it Joe!!!"" ğŸ™„
#BidensAmerica #Harris2024 #HarrisForPotus2024 #BidenAdministration #JoeBiden",08-05-2024,0,0,0,33,0,36.069646,-83.7708125,NC,Democratic,KamalaHarris,#Harris2024
1832204003486396667,"2024 will be the year when we will FINALLY elect the first woman President of the United States. It's time to make that history a reality, and we will. #Harris2024 #HarrisWalz #MadamPresident",09-06-2024,0,1,0,13,0,,,NC,Democratic,KamalaHarris,#Harris2024
1832195141744107773,"T-Minus 60 Days until Election Day. Make sure you go V-O-T-E and Grab'em by the Ballot Box!

We're Not Going Back ğŸ’™ğŸ’™ğŸ’™
#HarrisWalz2024 #Harris2024
#VPHarris #VicePresidentKamalaHarris #VoteBlue #Vote2024ğŸ’™ https://t.co/ogvRQMuaDW",09-06-2024,0,0,1,21,0,,,NC,Democratic,KamalaHarris,#Harris2024
1832156931185631333,"Liz Cheney made her move. Now Dick Cheney, one of the most *conservative* Republicans in history, is voting for Kamala Harris. When Dick Cheney thinks Trump is too dangerous to support, what the hell is left to debate? #CountryOverParty #Harris2024

https://t.co/SSrrUsC251",09-06-2024,0,0,0,47,0,,,NC,Democratic,KamalaHarris,#Harris2024
1832146902219157708,"@KamalaHQ @fred_guttenberg NOT a photo app, not a campaign ad, just VP Harris visiting a crime scene where innocent schoolchildren had been slaughtered, to understand what could be done to stop it happening again.

#Vote for the prosecutor who has committed her life to serving the public.

#Harris2024",09-06-2024,3,0,9,69,0,,,NC,Democratic,KamalaHarris,#Harris2024
1832120245345251639,An ad running on X blames Kamala Harris for high egg prices. That's a LIE. Egg prices skyrocketed because of a nationwide avian flu epidemic that forced producers to kill MILLIONS of laying hens. The pandemic-caused inflation made it worse.  https://t.co/pVUfF9gQAk  #Harris2024 https://t.co/oeY8jEsFCH,09-06-2024,0,0,0,25,0,,,NC,Democratic,KamalaHarris,#Harris2024
1832044302098137511,"Hey Cernovich, what you just showed is that Harris is reaching out to the right people to understand the issue so that she can make informed policy. How refreshing! Trump thinks he knows everything. Kamala reaches out and actually listens to expert opinion. #Harris2024 @mcuban",09-06-2024,2,0,5,162,0,,,NC,Democratic,KamalaHarris,#Harris2024
1831886338762928633,"HARRIS WINS.  #AllanLichtman #LicthmanKeys #LETSGOOOOOOOOO ğŸ”¥ğŸ”¥ğŸ”¥ğŸ”¥ğŸ”¥ğŸ”¥ğŸ”¥ #Harris2024 

https://t.co/BzJ5Sc0JyG",09-06-2024,0,0,1,104,0,,,NC,Democratic,KamalaHarris,#Harris2024
1831851960863219812,"Do you feel uninflated? ğŸ˜‚ 
.
.
.
#inflationreductionact #harris2024 #blackconservatives #maga #maha https://t.co/xzaoOzualI",09-06-2024,0,0,1,21,0,,,NC,Democratic,KamalaHarris,#Harris2024
1817339127899001174,"#SaturdayVibes
 @rolandsmartin @JoeNBC @TheRevAl @TheWeekendMSNBC 
@MeidasTouch you can't make this up! ğŸ˜€

#Trump asks you a question. He'll  know, November 5th #Harris2024 landslide ğŸ™ŒğŸ¾

See ğŸ‘€ #MAGA Circus ğŸª Act
#Reality_Show
where there's ""a sucker born every minute."" https://t.co/6WKsCtnMou",07-27-2024,0,0,2,229,1,38.89860285,-77.0143985,NC,Democratic,KamalaHarris,#Harris2024
1817213167287533828,"Good morning, friends! Only 101 days until we elect @KamalaHarris to protect our democracy! I'm voting for the PROSECUTOR not the CRIMINAL!

The excitement is palpable and contagious! Share it with everyone! 

We MUST #VoteBlue ğŸŒŠ #KamelaHarris2024
#YesWeKam   #Harris2024 ğŸ’™ https://t.co/NBOfU0cZ2l",07-27-2024,0,0,0,15,0,38.003375500000004,-79.42086499999999,NC,Democratic,KamalaHarris,#Harris2024
1817161698794496476,"If you think it's not going to take violence to end this type of rhetoric, you've got your head up your ass! 

#Harris2024
#Trump",07-27-2024,0,0,0,22,0,38.8051145,-77.2369685,NC,Democratic,KamalaHarris,#Harris2024
1817159590892408855,"Iowa tonight then Atlanta tomorrow.
Go @AndyBeshearKY!
#Harris2024
https://t.co/Dt3MpoAauu",07-27-2024,0,0,0,36,0,37.2318785,-80.00434530000001,NC,Democratic,KamalaHarris,#Harris2024
1832917015323140110,@SHTF_Patriot @TrumanDem @GOP Also bad. Vote blue down ballot. #harris2024,09-08-2024,0,1,0,19,0,,,NC,Democratic,KamalaHarris,#Harris2024
1816498228847612184,My govenor does not waste his words. @X #Harris2024,07-25-2024,0,6,1,385,0,35.054626999999996,-79.0021125,NC,Democratic,KamalaHarris,#Harris2024
1816479342618087460,Iâ€™m Jay and Iâ€™m voting for Vice President Kamala Harris #Harris2024 https://t.co/lHqbMM2b2T,07-25-2024,0,1,4,73,0,38.750322499999996,-76.908404,NC,Democratic,KamalaHarris,#Harris2024
1816288887544656130,".@cronkitenews
As Mark Kelly is vetted for the veepstakes what could he bring to the #Harris2024 ticket?

https://t.co/6HJq2zwjvG",07-25-2024,1,0,3,264,1,38.89860285,-77.0143985,NC,Democratic,KamalaHarris,#Harris2024
1829373439842418762,"Harris: ""I believe the American people deserve a new way forward and turn the page on the last decadeâ€¦â€ 

She wants to â€˜turn the page,â€™ on the last decade, yet her own party has been in power for 12 of the last 16 years. https://t.co/fOPbr6moWX",08-30-2024,390,98,1600,19433,21,,,NC,Democratic,KamalaHarris,#Harris2024
1829561768017842367,"This dude absolutely ğ˜ğ˜“ğ˜ˆğ˜ ğ˜Œğ˜‹ Komrad KKKamela and Timmy Tampon!

Have a listen and prepare to be amused. ğŸ˜œ

#HarrisInterview https://t.co/5zzuovnSDW",08-30-2024,100,26,253,6308,10,,,NC,Democratic,KamalaHarris,#Harris2024
1829343506076180716,Redownloading wattpad&gt;&gt;&gt; â€¦. I hope everything ainâ€™t changed from 2013-2016 ğŸ˜­ğŸ˜­,08-30-2024,50,25,521,7888345,8,,,NC,Democratic,KamalaHarris,#Harris2024
1829489169128956240,Not surprised that members of the Deep State Uni-party have endorsed VP Harris. https://t.co/uxkLV8OFLH,08-30-2024,168,293,312,12711,27,,,NC,Democratic,KamalaHarris,#Harris2024
1829524001947070574,"@sternenko @POTUS I don't get people who demand others stop criticising the current admin because Trump is worse.

Trump is absolutely worse but that doesn't absolve the staggeringly weak decisions. Harris is the only choice, but we must make sure she goes further than Biden &amp; Sullivan.",08-30-2024,28,28,270,6163,1,,,NC,Democratic,KamalaHarris,#Harris2024
1829644653664354809,"They have a problem with her race, but they don't have a problem with the man who has a problem with their race. MAKE THIS SHIT MAKE SENSE! #HarrisWalz2024 https://t.co/jloDs8ulbk",08-30-2024,363,40,876,15739,25,,,NC,Democratic,KamalaHarris,#Harris2024
1829655446782632047,"Have You Heard of Evangelicals for Harris? 

We are Evangelicals thinking differently and engaging Christianly in the 2024 election. We invite you to join our community in prayer and fellowship. 

#evangelicalsforharris https://t.co/dAQWZpnpuc",08-30-2024,198,50,770,37722,9,,,NC,Democratic,KamalaHarris,#Harris2024
1829518355927302410,"We are so grateful for our community! Check out this new video reflecting the spirit of this movement.  

#EvangelicalsForHarris #FaithVoters https://t.co/cwd9ur8mkV",08-30-2024,130,26,448,19563,6,,,NC,Democratic,KamalaHarris,#Harris2024
1829356702061494406,"ã‚‚ã—ãƒãƒªã‚¹å¤§çµ±é ˜ãŒå½“é¸ã—ãŸã‚‰ã€ç±³å›½ã¯ã€ä¸–ç•Œã¯ã“ã†ãªã‚‹ã€‚ãƒãƒªã‚¹ãŒæ²ã’ã‚‹å¢—ç¨ãƒ—ãƒ©ãƒ³ã¯åœ°ç„ã ã£ãŸã€‚ç±³å›½ä¼æ¥­ã‚„å¯Œè£•å±¤ã¯é–“é•ã„ãªãç±³å›½ã‚’é›¢ã‚Œã‚‹ã€‚ç¤¾ä¼šä¸»ç¾©è²§ä¹å›½å®¶ã‚¢ãƒ¡ãƒªã‚«ã®èª•ç”Ÿã ã€‚ãã—ã¦ä¸–ç•Œã¯ä¸€æ°—ã«ä¸å®‰å®šã«ã€‚
é‡‘æ›œåˆ†noteã¨foomiiã§é…ä¿¡ï¼
https://t.co/dY1QOP6wTL
https://t.co/x1ZuB5aUlz",08-30-2024,108,14,371,125200,5,,,NC,Democratic,KamalaHarris,#Harris2024
1829536056573636856,"Harris would NEVER BE their candidate in a FAIR election. They're counting on illegal border crossers voting, cheating, and TDS for their 'win'. This is INSANITY. She is the horrific combo of both dangerous AND clueless.",08-30-2024,121,40,408,38739,3,,,NC,Democratic,KamalaHarris,#Harris2024
1829336618282483837,@halalflow Harris is going to lose this election because she's no different than Biden or Trump when it comes to the Palestinians. The Dems will only have themselves to blame come November.,08-30-2024,68,33,677,18111,4,,,NC,Democratic,KamalaHarris,#Harris2024
1829372851989979318,"Fox News chyron: ""Harris out of hiding"" 

Who's gonna tell them?  ğŸ¤­
https://t.co/fZMEA97HDk",08-30-2024,199,24,754,13787,6,,,NC,Democratic,KamalaHarris,#Harris2024
1829594906429681885,"ğŸ‡ºğŸ‡²Rampini: ora si capisce perchÃ¨ K.Harris ha aspettato 40 gg prima di rilasciare interviste, lo ha fatto alla TV amica, fiancheggiattice, come la CNN.
Ha dovuto spiegare tutti i suoi VOLTAFACCIA [immigr. Green, fossili] 
Ne Ã¨ emersa una FIGURA MEDIOCRE!
e il suo vice ha mentito https://t.co/iEpI78Dy2p",08-30-2024,711,109,2235,115290,28,,,NC,Democratic,KamalaHarris,#Harris2024
1829326926286295522,"Harris defends Bidenâ€™s economic record. 

Hard questions, strong answers. 
https://t.co/OcCerzHXua",08-30-2024,228,16,958,15516,7,,,NC,Democratic,KamalaHarris,#Harris2024
1829525190583431587,çœ‹äº†æœ€è¿‘å“ˆé‡Œæ–¯çš„ä¸€äº›æ¼”è®²å’Œé‡‡è®¿ï¼Œåªè¦æœ‰ç‚¹å„¿è®°å¿†åŠ›ï¼Œæœ‰ä¸€ç‚¹ç‚¹é€»è¾‘æ€ç»´èƒ½åŠ›ï¼Œå°±ä¼šå‘ç°ï¼Œå¥¹ç°åœ¨çš„è§‚ç‚¹å’Œæ”¿ç­–ï¼Œå’Œå¥¹è¿‡å»ä¸€è´¯çš„è¡Œä¸ºï¼Œå‘ç”Ÿ180åº¦è½¬å˜ã€‚å¥¹çœŸæ˜¯ä¸ªå¥½å­¦ç”Ÿå•Šï¼Œå‡ ä¹æŠ„è¢­äº†å·æ™®50%çš„æ”¿çº²ã€‚ç°åœ¨å‡ ä¹è¦æˆä¸ºåšè´çš„å…±å’Œå…šå‘˜äº†ã€‚ä½ æ•¢ç›¸ä¿¡è¿™æ ·ä¸€ä¸ªä¸ºäº†èµ¢å¾—èƒœé€‰ï¼Œå®Œå…¨æ”¹å˜è‡ªå·±ç«‹åœºçš„å˜è‰²é¾™ï¼Ÿå¦‚æœå¥¹çœŸçš„,08-30-2024,30,36,262,33814,6,,,NC,Democratic,KamalaHarris,#Harris2024
1829634740351365480,"what i see in the older Black folks at harris rallies, the Black women whoâ€™ve stopped me randomly, beaming about the potential of a Black woman president, and the aunties sellin bedazzled campaign shirtsâ€¦is a people terribly desperate for something to hope for, believe in.",08-30-2024,115,14,894,35925,27,,,NC,Democratic,KamalaHarris,#Harris2024
1829522647245361622,"Harris signals continuity. But sheâ€™s also breaking from past:

Casting Trump as small, tired, not a giant strongman.

Integrating mods and progs, not punching left.

Talking of patriotism, not highlighting her identity.

Itâ€™s anti-inflammatory politics.

 https://t.co/UICBWPXG6K",08-30-2024,124,31,605,22564,1,,,NC,Democratic,KamalaHarris,#Harris2024
1829510800395866414,"That is for sure,  it's obvious,  that Harris won't do nothing about borders security,  economy , and specifically about vote integrity,  why do you need someone like that?.",08-30-2024,281,16,336,18266,4,,,NC,Democratic,KamalaHarris,#Harris2024
1829308518744342711,@harris_wins Find the #DraftDodger in this CAMPAIGN PHOTOâ€¦. https://t.co/dvo25lAO6u,08-30-2024,124,38,661,46360,7,,,NC,Democratic,KamalaHarris,#Harris2024
1820656553696919922,"@AmeliaHouchins #Harris2024 
from Virginia https://t.co/eIyeaO8oKC",08-06-2024,0,0,1,6,0,37.274488500000004,-79.95791,NC,Democratic,KamalaHarris,#Harris2024
1832985865150443751,"Everyone attacked Kamala for not having a policy page. Now she has a very detailed policy page, way better than Trumpâ€™s joke of a page. Yes, it took time to come out. Because sheâ€™s going to be the leader whoâ€™s going to be thoughtful about her decisions. #Harris2024 #ShesWithUs",09-09-2024,0,0,3,105,0,,,NC,Democratic,KamalaHarris,#Harris2024
1825922174474956882,Alexandra Ocasio Cortez lied on the biggest stage. Assets$ over Constituent$ #AOC #AlexandriaOcasioCortez #DNC2024#DNC #chicago #Illinois #HarrisWalz2024 #Harris2024 #HarrisWalz #Harris2024 #Harris #Gaza #palestine #GreenParty #stein #protest #resistencia #resistance #ResistFascism,08-20-2024,1,0,1,387,0,38.96378265,-76.74663849999999,NC,Democratic,KamalaHarris,#Harris2024
1833675809602556011,Debate watch party with @standwithcrypto thanks for the pizza!! #Harris2024 https://t.co/4qCKo3sZYZ,09-11-2024,2,0,4,609,0,,,NC,Democratic,KamalaHarris,#Harris2024
1833680221498708085,"O
M
G

She laid the bait and he fucking took it. Hook line and sinker.

From crowds. To WW3. To EATING YOUR PETS. 

#Debate2024 #Harris2024 https://t.co/0YNUkzwFtb",09-11-2024,0,1,3,474,0,,,NC,Democratic,KamalaHarris,#Harris2024
1833673043224256687,Time to witness history! #Harris2024 https://t.co/abvAnQv1Yh,09-11-2024,1,1,4,918,0,,,NC,Democratic,KamalaHarris,#Harris2024
1833687718913560648,wth is he even talking about? he canâ€™t even answer a simple question! ğŸ¤¦ğŸ»â€â™€ï¸ #Harris2024,09-11-2024,0,0,2,24,0,,,NC,Democratic,KamalaHarris,#Harris2024
1833678039403643165,"FACT CHECK:

Cancelling Students Loans was literally never, NOT AT ANY POINT, part of Joe Bidenâ€™s platform or campaign promises when he was a candidate in 2020.

Period. Never. #Debate2024 #Harris2024",09-11-2024,2,1,9,907,0,,,NC,Democratic,KamalaHarris,#Harris2024
1833688929771343873,POWER MOVE. #Debate2024 #Harris2024,09-11-2024,0,0,4,765,0,,,NC,Democratic,KamalaHarris,#Harris2024
1833682681487405109,"Kamala is crushing this. I am so freaking hyped. 

#HARRIS2024ğŸ‡ºğŸ‡¸",09-11-2024,0,0,3,357,0,,,NC,Democratic,KamalaHarris,#Harris2024
1833683204349538621,Kamala has consistently baited Trump into rambling angry rants. Masterclass in debating. #Debate2024 #harris2024 #HarrisWalz2024 #FDT,09-11-2024,1,0,3,313,0,,,NC,Democratic,KamalaHarris,#Harris2024
